{
  "version": 1,
  "author": "Anonymous maker",
  "editor": "wokwi",
  "parts": [
    { "type": "wokwi-arduino-nano", "id": "nano", "top": 81.6, "left": 47.5, "attrs": {} },
    { "type": "wokwi-hc-sr04", "id": "ultrasonic1", "top": -75.3, "left": 111.1, "attrs": {} },
    { "type": "wokwi-dht22", "id": "dht1", "top": -76.5, "left": -43.8, "attrs": {} },
    {
      "type": "wokwi-lcd1602",
      "id": "lcd1",
      "top": 208,
      "left": 82.4,
      "attrs": { "pins": "i2c" }
    }
  ],
  "connections": [
    [ "dht1:VCC", "nano:5V", "red", [ "v134.4", "h172.8" ] ],
    [ "dht1:SDA", "nano:8", "green", [ "v38.4", "h105.7" ] ],
    [ "dht1:GND", "nano:GND.2", "black", [ "v28.8", "h172.8" ] ],
    [ "ultrasonic1:VCC", "nano:5V", "red", [ "v57.6", "h57.6", "v96", "h-67.2" ] ],
    [ "ultrasonic1:GND", "nano:GND.2", "black", [ "v48", "h-39.6" ] ],
    [ "ultrasonic1:ECHO", "nano:7", "magenta", [ "v57.6", "h-87.2" ] ],
    [ "ultrasonic1:TRIG", "nano:6", "yellow", [ "v38.4", "h-0.4" ] ],
    [ "lcd1:VCC", "nano:5V", "red", [ "h-9.6", "v-76.7", "h96" ] ],
    [ "lcd1:GND", "nano:GND.2", "black", [ "h-38.4", "v-172.8", "h124.8" ] ],
    [ "lcd1:SDA", "nano:A4", "green", [ "h-19.2", "v-67", "h67.2" ] ],
    [ "lcd1:SCL", "nano:A5", "blue", [ "h-28.8", "v-86.1", "h86.4" ] ]
  ],
  "dependencies": {}
}